{
	"class_name" : "PinholeCameraParameters",
	"extrinsic" : 
	[
    -0.70992163,
    -0.02460003,
    -0.70385092,
    0,        
    0.70414167,
    -0.00493623,
    -0.71004236,
    0,        
    0.01399269,
    -0.99968519,
    0.02082624,
    0,        
    0.01562753,
    -0.01981648,
    -0.07544143,
    1                     
	],
	"intrinsic" : 
	{
		"height" : 480,
    "width" : 848,
		"intrinsic_matrix" : 
		[
			431.3873911369959,
			0.0,
			0.0,
			0.0,
			430.2496176152663,
			0.0,
			427.4407802012019,
			238.52694867508183,
			1.0
		]
	},
	"version_major" : 1,
	"version_minor" : 0
}

// [
//   0.70992163,
//   -0.70414167,
//   0.01399269,
//   0,           
//   0.02460003,
//   0.00493623,
//  -0.99968519,
//   0,               
//   0.70385092,
//   0.71004236,
//   0.02082624,
//   0,                
//   0.04249269,
//   0.06466842,
//  -0.01845775,
//   1               
// ],